epoch,time,train/box_loss,train/seg_loss,train/cls_loss,train/dfl_loss,metrics/precision(B),metrics/recall(B),metrics/mAP50(B),metrics/mAP50-95(B),metrics/precision(M),metrics/recall(M),metrics/mAP50(M),metrics/mAP50-95(M),val/box_loss,val/seg_loss,val/cls_loss,val/dfl_loss,lr/pg0,lr/pg1,lr/pg2
1,22.4386,1.97564,3.82498,7.08981,2.13052,0.002,0.35294,0.00448,0.00173,0.00067,0.11765,0.00104,0.00012,2.08331,4.49445,6.14285,2.48647,0.0919,0.0009,0.0009
2,24.9525,2.06158,3.09477,6.58534,2.09721,0.00267,0.47059,0.00674,0.00209,0,0,0,0,2.48629,3.10958,6.67826,2.68009,0.0828873,0.00188733,0.00188733
3,27.5253,1.62201,2.04268,5.60744,1.61483,0.003,0.52941,0.0082,0.00257,0,0,0,0,2.02611,2.51852,6.6736,2.35717,0.0738613,0.00286134,0.00286134
4,29.9951,1.67933,1.9643,5.41724,1.71054,0.00233,0.41176,0.00304,0.00154,0.00033,0.05882,0.00019,8e-05,1.91732,2.30285,6.33249,2.16558,0.064822,0.00382201,0.00382201
5,32.4569,1.45431,1.76103,4.88858,1.49623,0.00333,0.58824,0.04436,0.01727,0.002,0.35294,0.0165,0.00592,1.52569,2.10951,5.32358,1.80271,0.0557693,0.00476935,0.00476935
6,34.7659,1.4841,1.62465,4.482,1.64218,0.00367,0.64706,0.04542,0.01439,0.00133,0.23529,0.00525,0.00116,1.79854,2.42473,5.62447,2.14137,0.0467034,0.00570335,0.00570335
7,37.0196,1.54243,1.58688,4.65587,1.7741,0.00367,0.64706,0.05156,0.02596,0.00167,0.29412,0.01418,0.0066,1.89265,2.52795,4.30485,2.14364,0.037624,0.00662403,0.00662403
8,39.3265,1.51963,1.65277,4.11727,1.57212,0.00333,0.58824,0.06349,0.03179,0.00167,0.29412,0.02339,0.00845,1.91023,2.41047,3.64989,2.08479,0.0285314,0.00753137,0.00753137
9,41.6184,1.66267,1.54381,4.53469,1.64281,0.004,0.70588,0.04526,0.01805,0.001,0.17647,0.01377,0.00644,1.96164,2.96715,3.64873,2.22975,0.0194254,0.00842538,0.00842538
10,44.0323,1.60512,1.70487,3.95981,1.66973,0.22285,0.11765,0.20172,0.08097,0.36639,0.11765,0.12093,0.03134,1.86949,2.01619,3.52695,2.20686,0.0103061,0.00930606,0.00930606
11,46.3018,1.49938,1.50927,3.62974,1.46637,0.24,0.11765,0.06115,0.03166,0.28805,0.05882,0.03341,0.01451,1.90725,2.22073,3.76148,2.24163,0.0093334,0.0093334,0.0093334
12,48.5898,1.49277,1.43891,3.54643,1.58835,0.11175,0.35294,0.0994,0.03906,0.08581,0.23529,0.044,0.01514,1.91342,1.72581,4.17641,2.41085,0.00926674,0.00926674,0.00926674
13,50.8502,1.53507,1.55408,3.549,1.56734,0.17504,0.17647,0.14579,0.07472,0.23494,0.17647,0.12891,0.02431,1.98187,1.95254,3.55576,2.11235,0.00920008,0.00920008,0.00920008
14,53.2106,1.50474,1.53878,4.05454,1.54945,0.26713,0.35294,0.19147,0.05727,0.22261,0.29412,0.15205,0.03945,2.05222,1.9212,3.45278,2.16399,0.00913342,0.00913342,0.00913342
15,55.4068,1.61453,1.59389,3.58043,1.65059,0.33915,0.17647,0.10642,0.05219,0.3516,0.11765,0.06048,0.02853,2.16813,2.36673,3.73534,2.23284,0.00906676,0.00906676,0.00906676
16,57.6709,1.57353,1.58719,3.23812,1.6072,0.60795,0.11765,0.15231,0.09066,0.60795,0.11765,0.14646,0.05948,2.19308,2.17996,3.81438,2.12559,0.0090001,0.0090001,0.0090001
17,59.9129,1.58063,1.54275,3.21504,1.62848,0.21361,0.29412,0.19906,0.10594,0.22176,0.21863,0.12697,0.05872,2.24791,2.06993,3.37674,2.20527,0.00893344,0.00893344,0.00893344
18,62.1631,1.53037,1.54896,3.2621,1.5783,0.2919,0.35294,0.20376,0.09895,0.87395,0.05882,0.07724,0.03518,2.05858,2.16764,3.4243,2.04699,0.00886678,0.00886678,0.00886678
19,64.4983,1.5232,1.42341,3.23106,1.55272,0.21001,0.35294,0.18181,0.08646,0.20959,0.23529,0.15449,0.06815,2.21085,1.99776,4.14257,2.35482,0.00880012,0.00880012,0.00880012
20,66.6897,1.42663,1.35725,3.01813,1.53306,0.2265,0.35294,0.20138,0.09062,0.2265,0.35294,0.13273,0.0634,1.87614,2.03923,4.18009,1.97818,0.00873346,0.00873346,0.00873346
21,68.8676,1.51788,1.41644,3.02512,1.60325,0.22251,0.29412,0.17465,0.10168,0.24257,0.47059,0.17318,0.07379,1.91312,2.3987,3.60577,2.12735,0.0086668,0.0086668,0.0086668
22,71.1837,1.47974,1.37792,2.70893,1.479,0.66106,0.11765,0.15134,0.06396,0.66106,0.11765,0.12225,0.06989,2.06744,2.34218,3.56196,2.14747,0.00860014,0.00860014,0.00860014
23,73.3846,1.48206,1.38316,2.83215,1.53603,0.36221,0.23529,0.18868,0.12471,0.36221,0.23529,0.14943,0.0582,1.56392,2.00533,3.24247,1.89155,0.00853348,0.00853348,0.00853348
24,75.6409,1.52851,1.39156,2.83121,1.57176,0.23584,0.47059,0.16911,0.07337,0.26564,0.52941,0.20239,0.0792,1.58825,1.45542,4.72139,1.87744,0.00846682,0.00846682,0.00846682
25,77.9888,1.43269,1.44837,2.77829,1.5412,0.34582,0.23529,0.21798,0.09063,0.29543,0.23529,0.14818,0.0732,1.83064,2.02326,3.4529,2.23293,0.00840016,0.00840016,0.00840016
26,80.7202,1.43711,1.32114,2.78087,1.59479,0.61871,0.28721,0.30428,0.2153,0.49717,0.23296,0.2384,0.10026,1.79396,1.75347,2.92201,1.90333,0.0083335,0.0083335,0.0083335
27,83.3484,1.46366,1.36034,2.61636,1.51271,0.87037,0.29412,0.36911,0.18347,0.58016,0.17647,0.20302,0.06809,1.73678,1.71054,3.25006,2.17328,0.00826684,0.00826684,0.00826684
28,85.6115,1.36052,1.3678,2.46405,1.4944,0.58818,0.35294,0.26726,0.1604,0.48772,0.29412,0.18893,0.08684,1.65232,1.5277,3.2022,1.72877,0.00820018,0.00820018,0.00820018
29,87.888,1.36356,1.2615,2.45669,1.48465,0.36832,0.17647,0.20494,0.10639,0.36832,0.17647,0.14351,0.04854,1.81855,2.26916,3.4816,1.99891,0.00813352,0.00813352,0.00813352
30,90.1759,1.36936,1.28847,2.50582,1.49414,0.40515,0.35294,0.20566,0.1224,0.29558,0.23529,0.12481,0.05604,1.78594,2.47949,2.80517,1.88169,0.00806686,0.00806686,0.00806686
31,92.519,1.44472,1.44926,2.4567,1.57678,0.654,0.35294,0.34808,0.23825,0.654,0.35294,0.3442,0.16857,1.50446,1.47533,2.72619,1.85675,0.0080002,0.0080002,0.0080002
32,95.0095,1.38421,1.30965,2.356,1.48476,0.90633,0.35294,0.42341,0.24876,0.75528,0.29412,0.32197,0.1409,1.79895,1.62051,2.23628,2.17881,0.00793354,0.00793354,0.00793354
33,97.5313,1.3681,1.38436,2.3208,1.47088,0.93025,0.23529,0.33933,0.21489,0.93025,0.23529,0.33821,0.11543,1.6344,1.61078,2.66534,2.0234,0.00786688,0.00786688,0.00786688
34,100.039,1.39046,1.23351,2.31347,1.52179,0.59739,0.17647,0.21978,0.14404,0.90862,0.11765,0.13979,0.08747,2.22824,2.40634,2.7837,2.19823,0.00780022,0.00780022,0.00780022
35,102.865,1.39872,1.41338,2.32926,1.54646,0.55192,0.29412,0.32001,0.18012,0.74499,0.17293,0.20794,0.11696,1.85855,1.7424,2.37573,2.05312,0.00773356,0.00773356,0.00773356
36,105.275,1.4966,1.28843,2.35389,1.55596,0.44656,0.23529,0.23592,0.12542,0.28417,0.17647,0.15481,0.09032,2.11951,1.78841,2.6158,1.99486,0.0076669,0.0076669,0.0076669
37,108.139,1.35445,1.31859,2.20229,1.48981,0.29209,0.3645,0.23984,0.11841,0.24877,0.31224,0.17266,0.07459,1.96608,2.00074,2.44881,1.94826,0.00760024,0.00760024,0.00760024
38,111.857,1.40465,1.2582,2.29589,1.4922,0.57137,0.29412,0.28636,0.14764,0.45617,0.23529,0.18913,0.07376,1.90597,1.89052,2.99764,2.27395,0.00753358,0.00753358,0.00753358
39,115.163,1.30766,1.25924,2.06637,1.42235,0.30417,0.47059,0.2473,0.09292,0.20394,0.29412,0.13999,0.04224,2.12376,1.86662,2.97674,2.65632,0.00746692,0.00746692,0.00746692
40,117.933,1.40606,1.34863,2.24604,1.56831,0.47769,0.41176,0.28306,0.13251,0.4533,0.41176,0.26577,0.07678,1.98703,1.80313,2.50283,2.32635,0.00740026,0.00740026,0.00740026
41,120.863,1.40499,1.28843,2.24809,1.54308,0.44297,0.35294,0.26712,0.12525,0.20706,0.23529,0.13537,0.05771,2.12054,1.81395,2.58358,2.35552,0.0073336,0.0073336,0.0073336
42,124.103,1.39757,1.36712,2.16682,1.43837,0.55402,0.23529,0.23168,0.13391,0.55402,0.23529,0.19584,0.0855,1.99589,1.87642,2.81464,2.18339,0.00726694,0.00726694,0.00726694
43,126.912,1.34491,1.26266,2.03619,1.44404,0.39839,0.29412,0.19227,0.10119,0.49229,0.35294,0.24709,0.08482,1.81654,1.53458,3.32809,2.02831,0.00720028,0.00720028,0.00720028
44,130.868,1.35171,1.19657,2.02428,1.48037,0.312,0.35294,0.28889,0.14657,0.55109,0.29412,0.26788,0.10006,1.77731,1.54321,2.7196,1.97936,0.00713362,0.00713362,0.00713362
45,134.029,1.41434,1.29148,1.96795,1.5084,0.34068,0.47059,0.31867,0.14405,0.35198,0.47059,0.28949,0.13209,1.95771,1.49289,3.09692,2.17522,0.00706696,0.00706696,0.00706696
46,137.295,1.39753,1.30793,2.03632,1.48942,0.39913,0.23529,0.26214,0.15025,0.39913,0.23529,0.2494,0.10261,1.77684,1.35951,2.46654,1.97357,0.0070003,0.0070003,0.0070003
47,140.221,1.33147,1.35229,2.00929,1.39884,0.40199,0.35294,0.3314,0.16112,0.40199,0.35294,0.29199,0.13414,1.68247,1.41357,2.41034,1.91793,0.00693364,0.00693364,0.00693364
48,142.442,1.32619,1.08023,1.90577,1.48705,0.55481,0.29333,0.23672,0.12125,0.55481,0.29333,0.23994,0.09467,1.8566,1.30995,2.7203,2.00965,0.00686698,0.00686698,0.00686698
49,144.747,1.36702,1.30751,2.11796,1.52647,0.53883,0.34437,0.33119,0.14388,0.53883,0.34437,0.29002,0.10683,1.73745,1.38119,2.45325,1.89996,0.00680032,0.00680032,0.00680032
50,146.924,1.43961,1.24775,2.27391,1.55924,0.35968,0.47059,0.32522,0.16963,0.39566,0.46251,0.35132,0.11165,1.67804,1.57621,2.29658,1.95957,0.00673366,0.00673366,0.00673366
51,149.043,1.34483,1.25607,1.88008,1.42261,0.73187,0.29412,0.39367,0.19265,0.73187,0.29412,0.38559,0.14466,1.58034,1.38852,2.52539,1.83704,0.006667,0.006667,0.006667
52,151.17,1.2966,1.24947,1.97496,1.42276,0.34939,0.41176,0.34635,0.16763,0.34939,0.41176,0.34077,0.12348,1.79665,1.41784,2.98007,2.04548,0.00660034,0.00660034,0.00660034
53,153.314,1.28441,1.30774,1.84167,1.37678,0.43622,0.35294,0.29628,0.16665,0.43622,0.35294,0.28617,0.0961,1.58763,1.31096,3.45051,1.81626,0.00653368,0.00653368,0.00653368
54,155.53,1.30105,1.21741,1.89678,1.43549,0.45263,0.23529,0.24451,0.12398,0.56233,0.11765,0.10388,0.04072,2.22225,1.91635,2.78812,2.66432,0.00646702,0.00646702,0.00646702
55,157.658,1.22969,1.23454,1.84229,1.39508,0.56246,0.22791,0.18836,0.09171,0.38974,0.11765,0.06099,0.0255,2.21873,2.28849,3.08569,2.36792,0.00640036,0.00640036,0.00640036
56,159.781,1.36319,1.14603,1.91589,1.5036,0.50171,0.35294,0.25764,0.13648,0.46988,0.29412,0.20313,0.07237,1.75293,1.77631,2.68376,1.95574,0.0063337,0.0063337,0.0063337
57,161.912,1.21962,1.10603,1.72526,1.29976,0.78391,0.35294,0.38234,0.17454,0.66519,0.29412,0.29719,0.0852,1.63134,1.59097,2.60171,1.92061,0.00626704,0.00626704,0.00626704
58,164.043,1.27267,1.17797,1.81734,1.42317,0.60232,0.29412,0.29364,0.15693,0.57775,0.29412,0.29977,0.09239,1.94318,1.84851,2.6668,2.09609,0.00620038,0.00620038,0.00620038
59,166.179,1.40582,1.21086,1.86377,1.35844,0.44685,0.35294,0.26934,0.13175,0.44685,0.35294,0.2575,0.06855,1.77983,1.49988,2.46605,2.03157,0.00613372,0.00613372,0.00613372
60,168.295,1.23531,1.18161,1.73568,1.40842,0.66655,0.29412,0.39192,0.23248,0.66655,0.29412,0.39276,0.15583,1.66282,1.26918,2.27651,1.88715,0.00606706,0.00606706,0.00606706
61,170.424,1.30049,1.19992,1.98201,1.37366,0.56019,0.41176,0.35396,0.17969,0.56019,0.41176,0.32915,0.12327,1.69011,1.44284,2.29387,1.97135,0.0060004,0.0060004,0.0060004
62,172.593,1.30295,1.05326,1.75623,1.41255,0.65876,0.29412,0.4012,0.21324,0.65876,0.29412,0.41228,0.15465,1.73607,1.21707,2.38881,1.87506,0.00593374,0.00593374,0.00593374
63,174.728,1.21455,1.12582,1.69039,1.37497,0.85684,0.23529,0.37945,0.21551,0.2913,0.48393,0.36832,0.13463,1.58701,1.2428,2.30986,1.77329,0.00586708,0.00586708,0.00586708
64,177.024,1.2881,1.22614,1.85868,1.49328,0.49247,0.29412,0.38388,0.21613,0.37949,0.35294,0.35572,0.14347,1.52566,1.39072,2.22346,1.76103,0.00580042,0.00580042,0.00580042
65,179.145,1.21034,1.03802,1.67338,1.33386,0.91161,0.23529,0.37486,0.23787,0.91161,0.23529,0.31449,0.13832,1.67478,1.44737,2.31284,1.83571,0.00573376,0.00573376,0.00573376
66,181.297,1.25356,1.21392,1.74651,1.41452,0.38204,0.29412,0.28687,0.16356,0.38204,0.29412,0.28639,0.09171,1.67413,1.48351,2.76171,1.84478,0.0056671,0.0056671,0.0056671
67,183.43,1.12124,1.10737,1.60322,1.27466,0.30131,0.35294,0.33566,0.17522,0.30131,0.35294,0.31896,0.12776,1.52053,1.30199,2.41341,1.71061,0.00560044,0.00560044,0.00560044
68,185.559,1.21264,1.08215,1.64643,1.33648,0.39682,0.35294,0.33699,0.17705,0.39682,0.35294,0.29641,0.11898,1.75581,1.2654,2.1617,1.79014,0.00553378,0.00553378,0.00553378
69,187.682,1.19347,1.10225,1.62098,1.35067,0.37243,0.41176,0.28799,0.14101,0.37243,0.41176,0.26471,0.0982,1.83356,1.40035,2.46647,1.87998,0.00546712,0.00546712,0.00546712
70,189.846,1.17084,0.98755,1.6965,1.4039,0.44866,0.47059,0.39219,0.17083,0.45976,0.47059,0.34919,0.11489,1.80717,1.31564,2.20303,1.95709,0.00540046,0.00540046,0.00540046
71,191.969,1.11029,1.05801,1.57364,1.30603,0.57887,0.35294,0.34953,0.15523,0.57887,0.35294,0.32641,0.11172,1.92481,1.34411,2.09907,2.06172,0.0053338,0.0053338,0.0053338
72,194.072,1.15902,0.98707,1.62788,1.31852,0.49401,0.41176,0.29651,0.11944,0.49401,0.41176,0.29627,0.10241,1.82303,1.25773,2.2351,1.81143,0.00526714,0.00526714,0.00526714
73,196.275,1.13689,1.06599,1.5722,1.34439,0.71546,0.35294,0.43097,0.21357,0.71546,0.35294,0.39154,0.15712,1.75246,1.25462,2.05115,1.78992,0.00520048,0.00520048,0.00520048
74,198.596,1.20271,1.02976,1.57499,1.37107,0.45513,0.41176,0.30053,0.15003,0.45513,0.41176,0.26125,0.10715,1.5704,1.15251,2.38108,1.75194,0.00513382,0.00513382,0.00513382
75,200.964,1.20912,1.07153,1.73029,1.37063,0.62996,0.41176,0.41344,0.22812,0.68007,0.47059,0.45667,0.13983,1.75741,1.35528,2.21415,1.86564,0.00506716,0.00506716,0.00506716
76,203.189,1.19458,1.1819,1.6316,1.3345,0.3281,0.47059,0.3588,0.16014,0.33601,0.47059,0.34945,0.12964,1.55469,1.19464,2.13523,1.73985,0.0050005,0.0050005,0.0050005
77,205.453,1.28199,1.14671,1.62235,1.35896,0.39365,0.45876,0.29083,0.16928,0.44035,0.50981,0.3412,0.12413,1.60466,1.20949,2.07601,1.8421,0.00493384,0.00493384,0.00493384
78,208.062,1.1731,1.0387,1.65197,1.34669,0.55372,0.35294,0.3921,0.20086,0.55372,0.35294,0.3615,0.14413,1.60521,1.27037,2.06278,1.87959,0.00486718,0.00486718,0.00486718
79,210.548,1.11467,0.99293,1.45323,1.27877,0.37361,0.64706,0.48791,0.22378,0.86113,0.29412,0.46785,0.18191,1.65254,1.23709,1.93209,1.85847,0.00480052,0.00480052,0.00480052
80,212.752,1.16018,1.19605,1.47197,1.30763,0.38851,0.47059,0.43556,0.19097,0.47578,0.41176,0.39863,0.15328,1.6874,1.23692,2.01964,1.92116,0.00473386,0.00473386,0.00473386
81,214.995,1.07989,1.04012,1.44706,1.27286,0.40869,0.47059,0.34075,0.14992,0.40869,0.47059,0.33761,0.12434,1.64241,1.14362,2.2491,1.86284,0.0046672,0.0046672,0.0046672
82,217.243,1.16754,1.10084,1.49263,1.32784,0.5064,0.47059,0.46999,0.24995,0.46627,0.5145,0.46095,0.1634,1.68472,1.25833,1.93904,1.74312,0.00460054,0.00460054,0.00460054
83,219.702,1.03283,1.07825,1.51073,1.22255,0.7282,0.52941,0.51227,0.28751,0.7282,0.52941,0.49849,0.19776,1.59106,1.20379,1.89016,1.76323,0.00453388,0.00453388,0.00453388
84,222.264,1.16432,1.02788,1.4696,1.34393,0.52125,0.52941,0.48373,0.27809,0.65101,0.41176,0.47255,0.17102,1.55119,1.19403,1.85566,1.79086,0.00446722,0.00446722,0.00446722
85,224.577,1.06676,0.98962,1.38422,1.29859,0.6868,0.64706,0.60837,0.28523,0.654,0.58824,0.57029,0.17416,1.65442,1.25567,2.0181,1.87846,0.00440056,0.00440056,0.00440056
86,226.826,1.02198,0.96468,1.38449,1.27875,0.74132,0.41176,0.55285,0.30436,0.74132,0.41176,0.49302,0.18214,1.70687,1.37575,1.8426,1.87733,0.0043339,0.0043339,0.0043339
87,230.515,1.07868,0.96185,1.47001,1.26255,0.55601,0.44307,0.48643,0.26025,0.55601,0.44307,0.42192,0.15261,1.64131,1.37597,1.97094,1.76607,0.00426724,0.00426724,0.00426724
88,233.172,1.11372,1.23627,1.53697,1.30097,0.55667,0.41176,0.51225,0.25348,0.55667,0.41176,0.48291,0.17633,1.65915,1.32905,2.05227,1.77292,0.00420058,0.00420058,0.00420058
89,235.299,1.08894,1.16235,1.47705,1.32326,0.56704,0.47059,0.52751,0.25798,0.56704,0.47059,0.52048,0.18601,1.52693,1.38152,2.13923,1.64436,0.00413392,0.00413392,0.00413392
90,237.447,1.11577,1.05623,1.40349,1.25749,0.36314,0.58824,0.4304,0.2094,0.65447,0.29412,0.40814,0.13535,1.6349,1.29035,2.17731,1.86263,0.00406726,0.00406726,0.00406726
91,239.566,1.11523,1.08152,1.45194,1.30484,0.41166,0.52941,0.47304,0.25315,0.47487,0.47059,0.46442,0.12263,1.57984,1.37607,1.94177,1.71499,0.0040006,0.0040006,0.0040006
92,241.681,1.17764,1.04431,1.43624,1.32691,0.6289,0.52941,0.5465,0.30047,0.6289,0.52941,0.51257,0.15815,1.49897,1.33213,1.84115,1.71764,0.00393394,0.00393394,0.00393394
93,243.801,1.14276,1.04319,1.39246,1.33421,0.58902,0.47059,0.49763,0.28068,0.58902,0.47059,0.48492,0.12052,1.57438,1.31718,1.79866,1.73992,0.00386728,0.00386728,0.00386728
94,246.115,1.03337,1.07823,1.4672,1.34286,0.717,0.47059,0.53904,0.29333,0.717,0.47059,0.501,0.13771,1.49133,1.36404,1.77601,1.72989,0.00380062,0.00380062,0.00380062
95,248.234,1.09736,1.19341,1.42801,1.28129,0.55791,0.47059,0.48296,0.25718,0.55791,0.47059,0.46363,0.10401,1.51143,1.36348,1.92214,1.72874,0.00373396,0.00373396,0.00373396
96,250.353,1.07171,1.07008,1.37642,1.21672,0.39445,0.64706,0.42864,0.21073,0.52665,0.47059,0.39417,0.09868,1.57733,1.33893,1.92072,1.758,0.0036673,0.0036673,0.0036673
97,252.461,1.12384,1.03751,1.4159,1.30961,0.51762,0.47059,0.40583,0.21316,0.51762,0.47059,0.35663,0.09776,1.63015,1.38842,1.9796,1.74693,0.00360064,0.00360064,0.00360064
98,254.594,1.01091,0.97867,1.33048,1.23295,0.40193,0.55406,0.4263,0.23138,0.44546,0.58824,0.46857,0.12298,1.5601,1.30834,2.00518,1.71576,0.00353398,0.00353398,0.00353398
99,256.721,0.98815,1.00182,1.2981,1.19841,0.49207,0.47059,0.45813,0.24245,0.48743,0.47059,0.43686,0.14325,1.53199,1.34504,1.96688,1.65542,0.00346732,0.00346732,0.00346732
100,258.827,1.01188,1.00945,1.29596,1.20621,0.51357,0.52941,0.51615,0.29379,0.47137,0.64706,0.54099,0.16935,1.51998,1.31425,1.95816,1.63969,0.00340066,0.00340066,0.00340066
101,260.95,0.99818,1.01937,1.31701,1.22043,0.60536,0.47059,0.55455,0.34569,0.60536,0.47059,0.56019,0.22059,1.53927,1.29694,1.91237,1.6122,0.003334,0.003334,0.003334
102,263.156,0.96686,0.90223,1.28671,1.20314,0.46647,0.47059,0.39259,0.2166,0.46647,0.47059,0.36647,0.14034,1.55972,1.2627,2.02998,1.66104,0.00326734,0.00326734,0.00326734
103,265.276,0.98131,1.00116,1.29444,1.2285,0.3988,0.46834,0.41482,0.2252,0.3988,0.46834,0.39792,0.16018,1.53278,1.24494,1.95539,1.64284,0.00320068,0.00320068,0.00320068
104,267.367,1.07634,0.93503,1.43592,1.26246,0.59716,0.41176,0.49614,0.28969,0.59716,0.41176,0.49998,0.20541,1.47454,1.23792,1.89286,1.60078,0.00313402,0.00313402,0.00313402
105,269.506,1.01125,0.9695,1.45823,1.25504,0.65211,0.47059,0.52941,0.31238,0.65211,0.47059,0.53746,0.22071,1.53505,1.27698,1.80217,1.75305,0.00306736,0.00306736,0.00306736
106,271.668,0.92194,0.92265,1.27054,1.21323,0.43307,0.58432,0.43279,0.27973,0.4743,0.47059,0.44797,0.18116,1.48093,1.28224,1.79988,1.6408,0.0030007,0.0030007,0.0030007
107,273.783,1.08646,1.11728,1.30323,1.22871,0.48853,0.58824,0.45964,0.25253,0.46729,0.52941,0.43174,0.15314,1.58386,1.30997,1.75282,1.70565,0.00293404,0.00293404,0.00293404
108,275.919,0.9856,0.99635,1.30798,1.2235,0.59232,0.47059,0.51497,0.31104,0.59232,0.47059,0.52332,0.22146,1.4811,1.29298,1.8543,1.74807,0.00286738,0.00286738,0.00286738
109,278.227,1.00677,1.04783,1.24202,1.24205,0.47976,0.47059,0.45316,0.2859,0.47976,0.47059,0.45041,0.17607,1.5212,1.25136,1.86688,1.7421,0.00280072,0.00280072,0.00280072
110,280.403,0.91272,0.98727,1.14216,1.1355,0.70506,0.47059,0.48932,0.30197,0.64016,0.41176,0.41338,0.18667,1.4594,1.21515,1.78855,1.73111,0.00273406,0.00273406,0.00273406
111,282.556,0.97125,0.91888,1.26052,1.21411,0.63871,0.47059,0.48626,0.30776,0.55115,0.41176,0.42729,0.1777,1.41712,1.17785,1.84333,1.59416,0.0026674,0.0026674,0.0026674
112,284.736,0.9634,1.05406,1.29063,1.18164,0.83202,0.58313,0.59505,0.32584,0.71893,0.52941,0.51775,0.20737,1.45127,1.17248,1.80996,1.68338,0.00260074,0.00260074,0.00260074
113,286.918,0.99859,0.99393,1.37464,1.2609,0.57784,0.4838,0.50714,0.31306,0.59686,0.47059,0.48847,0.20787,1.43288,1.17198,1.80291,1.60312,0.00253408,0.00253408,0.00253408
114,289.139,0.98803,1.00489,1.30479,1.22257,0.36022,0.58824,0.4695,0.26041,0.36022,0.58824,0.44969,0.17657,1.59492,1.20517,2.0045,1.66794,0.00246742,0.00246742,0.00246742
115,291.445,0.97591,1.08043,1.23684,1.18437,0.41175,0.49479,0.43188,0.23909,0.41175,0.49479,0.4307,0.17138,1.56815,1.23723,1.92775,1.55359,0.00240076,0.00240076,0.00240076
116,293.792,0.97703,0.88037,1.25377,1.21942,0.45359,0.47059,0.42431,0.24726,0.45359,0.47059,0.42431,0.16899,1.52918,1.26017,1.82036,1.57503,0.0023341,0.0023341,0.0023341
117,296.16,0.87809,0.89129,1.17118,1.15111,0.57114,0.35294,0.41247,0.26946,0.57114,0.35294,0.43931,0.20898,1.54292,1.29307,1.83593,1.65716,0.00226744,0.00226744,0.00226744
118,298.567,0.96598,0.99487,1.26078,1.22275,0.56316,0.41176,0.49323,0.28725,0.56316,0.41176,0.48774,0.20377,1.47616,1.30671,1.79224,1.60536,0.00220078,0.00220078,0.00220078
119,300.765,0.96051,0.9337,1.25356,1.21432,0.67948,0.47059,0.53493,0.29669,0.59591,0.41176,0.48119,0.17878,1.52903,1.29174,1.63027,1.60742,0.00213412,0.00213412,0.00213412
120,302.952,1.02574,0.96767,1.38567,1.25978,0.54059,0.55457,0.55093,0.27847,0.44437,0.52941,0.50016,0.16762,1.64955,1.31537,1.66074,1.75561,0.00206746,0.00206746,0.00206746
121,305.231,0.96616,0.91714,1.23917,1.18417,0.74398,0.51383,0.57507,0.2945,0.64022,0.47059,0.51588,0.16792,1.56349,1.3221,1.64576,1.65918,0.0020008,0.0020008,0.0020008
122,307.539,1.00496,0.89645,1.32029,1.25775,0.5707,0.52941,0.56604,0.29334,0.56858,0.47059,0.52674,0.21201,1.54445,1.26687,1.73191,1.61483,0.00193414,0.00193414,0.00193414
123,309.938,0.98645,0.98251,1.21372,1.17649,0.46154,0.52941,0.54208,0.29839,0.49906,0.46893,0.51673,0.20721,1.50349,1.23214,1.75767,1.56993,0.00186748,0.00186748,0.00186748
124,312.221,0.87495,0.95831,1.08304,1.18052,0.6,0.52941,0.57879,0.30463,0.52802,0.64706,0.59045,0.21661,1.4827,1.20715,1.75468,1.56668,0.00180082,0.00180082,0.00180082
125,315.013,1.02066,0.98768,1.28074,1.21517,0.4951,0.58824,0.52181,0.31055,0.54073,0.64706,0.54576,0.21521,1.37607,1.20213,1.73205,1.44683,0.00173416,0.00173416,0.00173416
126,318.337,0.97447,0.95849,1.22679,1.2288,0.38496,0.70588,0.47449,0.30313,0.4492,0.64706,0.48367,0.19202,1.37732,1.21855,1.68096,1.49073,0.0016675,0.0016675,0.0016675
127,320.969,0.92396,1.06254,1.23476,1.13125,0.446,0.64706,0.47268,0.28637,0.43052,0.64706,0.48877,0.17932,1.38023,1.20295,1.77763,1.46672,0.00160084,0.00160084,0.00160084
128,323.371,0.91091,0.96725,1.1435,1.14645,0.71724,0.35294,0.47764,0.27342,0.71724,0.35294,0.48511,0.16974,1.37502,1.18698,1.83448,1.43557,0.00153418,0.00153418,0.00153418
129,325.562,0.8554,0.86847,1.1497,1.1277,0.83711,0.35294,0.50655,0.30235,0.83711,0.35294,0.50655,0.1793,1.43295,1.20396,1.77826,1.47695,0.00146752,0.00146752,0.00146752
130,327.98,0.86686,0.94261,1.13277,1.1099,0.70866,0.35294,0.53746,0.3439,0.38597,0.77678,0.56802,0.1996,1.36923,1.19154,1.74965,1.50575,0.00140086,0.00140086,0.00140086
131,330.708,0.95697,1.0135,1.13124,1.12614,0.6052,0.41176,0.53957,0.34307,0.6052,0.41176,0.53639,0.20253,1.4007,1.19871,1.76917,1.53054,0.0013342,0.0013342,0.0013342
132,333.045,0.85068,0.95558,1.05231,1.08309,0.66784,0.41176,0.512,0.29844,0.66784,0.41176,0.51344,0.17398,1.44587,1.19491,1.79083,1.57882,0.00126754,0.00126754,0.00126754
133,335.231,0.98088,0.93803,1.31292,1.24644,0.52136,0.47059,0.48992,0.27294,0.52136,0.47059,0.51144,0.17872,1.46194,1.19337,1.80292,1.577,0.00120088,0.00120088,0.00120088
134,337.986,0.87911,0.96765,1.13404,1.1389,0.6025,0.47059,0.50428,0.26881,0.44455,0.76471,0.53187,0.17765,1.45558,1.19167,1.87306,1.57241,0.00113422,0.00113422,0.00113422
135,341.094,0.95254,0.9061,1.21825,1.14456,0.75568,0.41176,0.52543,0.27883,0.75568,0.41176,0.53984,0.19834,1.40388,1.1763,1.8153,1.57573,0.00106756,0.00106756,0.00106756
136,344.418,0.87462,0.97143,1.17528,1.08624,0.7709,0.39719,0.53448,0.28921,0.7709,0.39719,0.5487,0.20279,1.38791,1.18418,1.79186,1.55961,0.0010009,0.0010009,0.0010009
137,347.78,0.90865,0.94715,1.12872,1.14163,0.47123,0.47059,0.55887,0.31445,0.47123,0.47059,0.55885,0.21596,1.40469,1.19399,1.73217,1.54255,0.00093424,0.00093424,0.00093424
138,349.929,0.87278,0.90905,1.07135,1.14076,0.85399,0.34516,0.5587,0.2958,0.85399,0.34516,0.54956,0.21426,1.41656,1.18157,1.86015,1.57465,0.00086758,0.00086758,0.00086758
139,352.04,0.93175,0.98553,1.19442,1.19263,0.76101,0.37626,0.57291,0.29365,0.76101,0.37626,0.57363,0.21052,1.46724,1.18085,1.90959,1.63705,0.00080092,0.00080092,0.00080092
140,354.162,0.90408,0.97366,1.10045,1.15363,0.37293,0.64706,0.56856,0.30007,0.37293,0.64706,0.55008,0.20146,1.44335,1.18342,1.89328,1.61925,0.00073426,0.00073426,0.00073426
141,357.49,0.84023,0.89348,1.09999,1.13873,0.37313,0.64706,0.5615,0.31537,0.37313,0.64706,0.56785,0.21621,1.40662,1.17788,1.75698,1.59197,0.0006676,0.0006676,0.0006676
142,359.647,0.84765,0.89098,1.10501,1.10258,0.44547,0.66199,0.56232,0.31638,0.67604,0.41176,0.53171,0.20241,1.40305,1.20205,1.69703,1.57806,0.00060094,0.00060094,0.00060094
143,361.723,0.80239,0.89037,1.02308,1.07975,0.46026,0.64706,0.57559,0.32432,0.68508,0.41176,0.53791,0.21616,1.37845,1.20713,1.65534,1.56902,0.00053428,0.00053428,0.00053428
144,363.784,0.77488,0.8635,1.02447,1.0693,0.51076,0.67617,0.57706,0.32941,0.49749,0.58263,0.54337,0.22301,1.38205,1.19971,1.63615,1.56041,0.00046762,0.00046762,0.00046762
145,365.866,0.78761,0.89329,1.04112,1.11873,0.47259,0.52941,0.54523,0.32379,0.4749,0.53214,0.5309,0.21894,1.39194,1.19279,1.61628,1.5666,0.00040096,0.00040096,0.00040096
146,367.973,0.77153,0.8372,1.04194,1.07047,0.49549,0.63592,0.56908,0.31469,0.57944,0.47059,0.53829,0.22323,1.39415,1.19581,1.64269,1.54608,0.0003343,0.0003343,0.0003343
147,370.054,0.8372,0.93139,1.03278,1.11939,0.49611,0.63745,0.57035,0.32241,0.58588,0.47059,0.53745,0.22209,1.39946,1.19633,1.67148,1.54422,0.00026764,0.00026764,0.00026764
148,372.115,0.80053,0.91818,0.99682,1.07888,0.45528,0.58824,0.56512,0.32688,0.57066,0.47059,0.53662,0.22067,1.40287,1.19557,1.68327,1.55213,0.00020098,0.00020098,0.00020098
149,374.174,0.82486,0.82135,1.06193,1.10479,0.45579,0.58824,0.56926,0.32476,0.47681,0.70588,0.57643,0.22664,1.39687,1.19339,1.67078,1.55181,0.00013432,0.00013432,0.00013432
150,376.273,0.82335,0.86538,1.02817,1.15767,0.45814,0.64657,0.56926,0.33834,0.47873,0.70244,0.57899,0.22728,1.39204,1.19191,1.67255,1.54819,6.766e-05,6.766e-05,6.766e-05
